Book a FahCel Demo — Cold-Chain Proof in 20 Minutes	Boek een FahCel-demo — koelketenbewijs in 20 minuten	FahCel-Demo buchen — Kühlkettennachweise in 20 Minuten
See FahCel on your own lanes. A 20-minute walkthrough of live excursion alerts, chain verification and audit-ready export — no slideware, your shipment data.	Bekijk FahCel op je eigen routes. In 20 minuten zie je live afwijkingsmeldingen, ketenverificatie en auditklare exports — geen slides, maar jouw zendingsdata.	Erlebe FahCel auf deinen eigenen Routen. In 20 Minuten zeigen wir Echtzeitwarnungen, Kettenprüfung und auditbereite Exporte – keine Folien, sondern deine Sendungsdaten.
Book a	Boek een	Buche einen
demo	demo	Demo-
call	gesprek	Termin
A 30-minute walkthrough of tamper-evident cold-chain proof — tailored to your shipments.	Een demonstratie van 30 minuten over verifieerbaar koelketenbewijs, afgestemd op jouw zendingen.	Eine 30-minütige Demonstration überprüfbarer Kühlkettennachweise, abgestimmt auf deine Sendungen.
Pick a time	Kies een tijdstip	Termin wählen
Date & slot	Datum & tijd	Datum & Uhrzeit
Your details	Jouw gegevens	Deine Angaben
Who's joining	Wie doet er mee	Wer nimmt teil
Confirmed	Bevestigd	Bestätigt
Invite sent	Uitnodiging verstuurd	Einladung versandt
Step 1 of 3	Stap 1 van 3	Schritt 1 von 3
When works for you?	Wanneer komt het jou uit?	Wann passt es dir?
Pick a day and a 30-minute slot. You can reschedule anytime from the invite.	Kies een dag en een tijdvak van 30 minuten. Via de uitnodiging kun je de afspraak altijd verzetten.	Wähle einen Tag und ein Zeitfenster von 30 Minuten. Über die Einladung kannst du den Termin jederzeit verschieben.
Date	Datum	Datum
Time	Tijd	Uhrzeit
Times shown in your local timezone	Tijden worden in je lokale tijdzone getoond	Zeiten werden in deiner lokalen Zeitzone angezeigt
Step 2 of 3	Stap 2 van 3	Schritt 2 von 3
Tell us who's joining	Vertel ons wie er meedoet	Wer nimmt teil?
So we can prep the right examples for your cold chain.	Zo kunnen we passende voorbeelden voor jouw koelketen voorbereiden.	So können wir passende Beispiele für deine Kühlkette vorbereiten.
Full name	Volledige naam	Vollständiger Name
Work email	Zakelijk e-mailadres	Geschäftliche E-Mail
Company	Bedrijf	Unternehmen
Your company	Jouw bedrijf	Dein Unternehmen
Role	Functie	Funktion
Select…	Kies…	Auswählen…
Quality / Compliance	Kwaliteit / Naleving	Qualität / Compliance
Operations / Logistics	Operatie / Logistiek	Betrieb / Logistik
Founder / Exec	Oprichter / Directie	Gründung / Geschäftsleitung
Engineering	Techniek	Technik
Other	Anders	Sonstiges
Shipments / month	Zendingen / maand	Sendungen / Monat
Under 100	Minder dan 100	Unter 100
Phone	Telefoon	Telefon
(optional)	(optioneel)	(optional)
What would you like to see?	Wat zou je willen zien?	Was möchtest du sehen?
e.g. proving chain integrity for frozen seafood exports to retail audits	Bijv. koelketenbewijs voor diepgevroren visexport bij retailaudits	Z. B. Kühlkettennachweise für Tiefkühlfischexporte bei Handelsaudits
You're booked.	Je afspraak staat.	Dein Termin steht.
A calendar invite and confirmation are on the way to	Een agenda-uitnodiging en bevestiging zijn onderweg naar	Eine Kalendereinladung und Bestätigung sind unterwegs an
your inbox	je inbox	dein Postfach
When	Wanneer	Wann
With	Met	Mit
FahCel Solutions team	Het FahCel Solutions-team	Das FahCel Solutions-Team
Attendee	Deelnemer	Teilnehmende Person
Booking	Boeking	Buchung
View in pipeline dashboard	Bekijk in het pipelinedashboard	Im Pipeline-Dashboard ansehen
Back	Terug	Zurück
Continue	Verder	Weiter
Download the Cold-Chain Excursion Playbook | FahCel	Download het draaiboek voor koelketenafwijkingen | FahCel	Leitfaden für Kühlkettenabweichungen herunterladen | FahCel
Get the free Cold-Chain Excursion Playbook — the six-move protocol, threshold table and sign-off checklist for when a shipment drifts out of range.	Download gratis het draaiboek voor koelketenafwijkingen: het zesstappenprotocol, grenswaardentabel en goedkeuringschecklist voor zendingen buiten het temperatuurbereik.	Hol dir den kostenlosen Leitfaden für Kühlkettenabweichungen: Sechs-Schritte-Protokoll, Grenzwerttabelle und Freigabecheckliste für Sendungen außerhalb des Temperaturbereichs.
Free field playbook	Gratis praktijkgids	Kostenloser Praxisleitfaden
The Cold-Chain	Het koelketen-	Der Kühlketten-
Excursion	afwijkingen-	Abweichungs-
Six moves to defend a shipment the moment temperature breaks — and the paper trail that proves you did.	Zes stappen om een zending te beschermen zodra de temperatuur afwijkt, met de documentatie die je handelen bewijst.	Sechs Schritte, um eine Sendung bei einer Temperaturabweichung abzusichern – und die Dokumentation, die dein Handeln belegt.
The six-move protocol	Het zesstappenprotocol	Das Sechs-Schritte-Protokoll
— from alarm to signed disposition	— van alarm tot ondertekend besluit	— vom Alarm bis zur unterzeichneten Entscheidung
Pre-departure checklist	Checklist vóór vertrek	Checkliste vor Abfahrt
— the excursions that never happen	— afwijkingen die nooit ontstaan	— Abweichungen, die gar nicht erst auftreten
Rules of thumb	Vuistregels	Faustregeln
— what the data really tells you	— wat de data echt vertelt	— was die Daten wirklich aussagen
Root-cause & CAPA	Oorzaakanalyse & CAPA	Ursachenanalyse & CAPA
— so the fix follows the shipment	— zodat de oplossing met de zending meereist	— damit die Lösung die Sendung begleitet
PDF · 4 pages · 9-min read	Pdf · 4 pagina’s · 9 min leestijd	PDF · 4 Seiten · 9 Min. Lesezeit
Rev 2026.1	Versie 2026.1	Version 2026.1
Get the guide	Ontvang de gids	Leitfaden erhalten
Where should we send it?	Waar mogen we hem naartoe sturen?	Wohin dürfen wir ihn senden?
Enter your work email and the playbook opens instantly — no wait, no spam.	Vul je zakelijke e-mailadres in en het draaiboek opent direct, zonder wachten of spam.	Gib deine geschäftliche E-Mail-Adresse ein und der Leitfaden öffnet sich sofort – ohne Wartezeit und Spam.
Name	Naam	Name
Your role	Jouw functie	Deine Funktion
Select one…	Maak een keuze…	Bitte auswählen…
QA / Quality	QA / Kwaliteit	QS / Qualität
Logistics / Supply chain	Logistiek / Toeleveringsketen	Logistik / Lieferkette
Operations	Operatie	Betrieb
Compliance / Regulatory	Naleving / Regelgeving	Compliance / Regulierung
Get the playbook	Ontvang het draaiboek	Leitfaden erhalten
We'll email you the PDF and occasional cold-chain notes. Unsubscribe anytime. No sharing your address, ever.	We mailen je de pdf en af en toe koelketentips. Afmelden kan altijd. We delen je adres nooit.	Wir senden dir das PDF und gelegentlich Hinweise zur Kühlkette. Du kannst dich jederzeit abmelden. Deine Adresse geben wir niemals weiter.
You're all set	Alles is geregeld	Alles bereit
Your playbook is ready.	Je draaiboek staat klaar.	Dein Leitfaden ist bereit.
Grab it below — it opens in this tab so you can save it as a PDF. We've also sent a copy to your inbox.	Open het hieronder in dit tabblad en sla het op als pdf. We hebben ook een exemplaar naar je inbox gestuurd.	Öffne ihn unten in diesem Tab und speichere ihn als PDF. Wir haben auch eine Kopie an dein Postfach gesendet.
Open the playbook	Open het draaiboek	Leitfaden öffnen
Sent to	Verstuurd naar	Gesendet an
Ready to see it on your own lanes?	Wil je het op je eigen routes zien?	Möchtest du es auf deinen eigenen Routen sehen?
Book a 20-minute demo →	Boek een demo van 20 minuten →	20-minütige Demo buchen →
